{
    "epoch": 10,
    "macro_f1": 0.3333333333333333,
    "micro_f1": 0.5,
    "flat_accuracy": 0.71,
    "accuracy": 0.5,
    "precision": 0.0,
    "recall": 0.0,
    "Avg Train Loss": 0.3315644207011376,
    "confusion_matrix": [
        [
            1,
            0
        ],
        [
            1,
            0
        ]
    ]
}