{
    "epoch": 1,
    "macro_f1": 1.0,
    "micro_f1": 1.0,
    "flat_accuracy": 0.7961847389558233,
    "accuracy": 1.0,
    "precision": 1.0,
    "recall": 1.0,
    "Avg Train Loss": 0.5681100375595195,
    "confusion_matrix": [
        [
            1,
            0
        ],
        [
            0,
            1
        ]
    ]
}