{
    "epoch": 12,
    "macro_f1": 1.0,
    "micro_f1": 1.0,
    "flat_accuracy": 0.7580321285140562,
    "accuracy": 1.0,
    "precision": 0.0,
    "recall": 0.0,
    "Avg Train Loss": 0.08096301670527463,
    "confusion_matrix": [
        [
            2
        ]
    ]
}