{
    "epoch": 14,
    "macro_f1": 1.0,
    "micro_f1": 1.0,
    "flat_accuracy": 0.7670682730923695,
    "accuracy": 1.0,
    "precision": 0.0,
    "recall": 0.0,
    "Avg Train Loss": 0.05587953339762614,
    "confusion_matrix": [
        [
            2
        ]
    ]
}