{
    "epoch": 8,
    "macro_f1": 1.0,
    "micro_f1": 1.0,
    "flat_accuracy": 0.7610441767068273,
    "accuracy": 1.0,
    "precision": 1.0,
    "recall": 1.0,
    "Avg Train Loss": 0.2611640339322035,
    "confusion_matrix": [
        [
            2
        ]
    ]
}