{
    "epoch": 3,
    "macro_f1": 0.3333333333333333,
    "micro_f1": 0.5,
    "flat_accuracy": 0.7680722891566265,
    "accuracy": 0.5,
    "precision": 1.0,
    "recall": 0.5,
    "Avg Train Loss": 0.5612448275286249,
    "confusion_matrix": [
        [
            0,
            1
        ],
        [
            0,
            1
        ]
    ]
}