{
    "F1 Score": 0.7457464646543059,
    "Accuracy": 0.7461680517082179,
    "AUC": 0.8231321262680892,
    "PR AUC": 0.8153831213552408,
    "Confusion Matrix": [
        [
            3820,
            1519
        ],
        [
            1230,
            4261
        ]
    ],
    "Mean FPR": 0.29584604342586607,
    "Mean TPR": 0.6751494892411893,
    "Validation Accuracy": [
        0.528495192527771,
        0.6549415588378906,
        0.68705815076828,
        0.7097100019454956,
        0.7263309955596924,
        0.740268349647522,
        0.7498196363449097,
        0.760669469833374,
        0.7700476050376892,
        0.7800605893135071,
        0.786668598651886,
        0.7954984903335571,
        0.8020198941230774,
        0.809147298336029,
        0.8169384002685547
    ],
    "Validation Loss": [
        0.6891951560974121,
        0.6173653602600098,
        0.5799550414085388,
        0.5532928109169006,
        0.5342649817466736,
        0.51340252161026,
        0.49943166971206665,
        0.4842212498188019,
        0.4709993898868561,
        0.45574912428855896,
        0.4450226128101349,
        0.4312030076980591,
        0.4189894199371338,
        0.4059000015258789,
        0.39323461055755615
    ]
}