{
    "F1 Score": 0.7310141940280486,
    "Accuracy": 0.7311172668513388,
    "AUC": 0.8038759230355628,
    "PR AUC": 0.7875632201866385,
    "Confusion Matrix": [
        [
            3853,
            1486
        ],
        [
            1426,
            4065
        ]
    ],
    "Mean FPR": 0.31158628032538477,
    "Mean TPR": 0.6588398904061965,
    "Validation Accuracy": [
        0.5060741305351257,
        0.5121915936470032,
        0.5257827043533325,
        0.5446544289588928,
        0.5578992962837219,
        0.5817919373512268,
        0.6101284027099609,
        0.6483335494995117,
        0.6719087958335876,
        0.6872889995574951,
        0.6997547149658203,
        0.7082672119140625,
        0.7155388593673706,
        0.7190304398536682,
        0.7261001467704773
    ],
    "Validation Loss": [
        0.69792240858078,
        0.6959743499755859,
        0.6918910145759583,
        0.6874412894248962,
        0.6829960346221924,
        0.6740422248840332,
        0.6588057279586792,
        0.6279956698417664,
        0.6030200123786926,
        0.5853861570358276,
        0.5711740851402283,
        0.5597111582756042,
        0.5511578917503357,
        0.5432986617088318,
        0.5364156365394592
    ]
}