{
    "F1 Score": 0.6485397706621545,
    "Accuracy": 0.6496768236380425,
    "AUC": 0.6709568065354709,
    "PR AUC": 0.6252470210011726,
    "Confusion Matrix": [
        [
            3210,
            2129
        ],
        [
            1665,
            3826
        ]
    ],
    "Mean FPR": 0.39474434002569286,
    "Mean TPR": 0.5681889331107532,
    "Validation Accuracy": [
        0.5427210927009583,
        0.6201990842819214,
        0.4964074492454529,
        0.5022074580192566,
        0.5351897478103638,
        0.6289135813713074,
        0.6856153607368469,
        0.7466743588447571,
        0.8124657273292542,
        0.8683018088340759,
        0.9065358638763428,
        0.9284951686859131,
        0.9417977333068848,
        0.9517818689346313,
        0.9586784243583679,
        0.9637858867645264,
        0.9711729884147644,
        0.9751262664794922,
        0.9790217876434326,
        0.9831481575965881
    ],
    "Validation Loss": [
        0.6858046054840088,
        0.6422265768051147,
        0.7008581161499023,
        0.6969236731529236,
        0.6877728700637817,
        0.6426059603691101,
        0.5923912525177002,
        0.5263732075691223,
        0.43260860443115234,
        0.3333898186683655,
        0.25511130690574646,
        0.20688509941101074,
        0.1712757796049118,
        0.1461382955312729,
        0.1245308369398117,
        0.10816319286823273,
        0.08826800435781479,
        0.07624208182096481,
        0.06408954411745071,
        0.05329075828194618
    ]
}