{
    "F1 Score": 0.7473431612851418,
    "Accuracy": 0.7477377654662973,
    "AUC": 0.8218071533834129,
    "PR AUC": 0.8122653358219897,
    "Confusion Matrix": [
        [
            3835,
            1504
        ],
        [
            1228,
            4263
        ]
    ],
    "Mean FPR": 0.29550061393103155,
    "Mean TPR": 0.6687714576714758,
    "Validation Accuracy": [
        0.5282354354858398,
        0.6392439603805542,
        0.6823546290397644,
        0.7057855725288391,
        0.7235896587371826,
        0.7370365262031555,
        0.7483479976654053,
        0.7639012932777405,
        0.7678834199905396,
        0.7771750092506409,
        0.7879382371902466,
        0.7949790954589844,
        0.8005771040916443,
        0.8090030550956726,
        0.8137642741203308,
        0.8227384090423584,
        0.8298946619033813,
        0.8357235789299011,
        0.8446688652038574,
        0.8500072360038757
    ],
    "Validation Loss": [
        0.6886491179466248,
        0.6300684809684753,
        0.5849465727806091,
        0.5579821467399597,
        0.5363472104072571,
        0.5192753672599792,
        0.500792920589447,
        0.4836757481098175,
        0.47200626134872437,
        0.460504412651062,
        0.44611918926239014,
        0.4302942752838135,
        0.419948935508728,
        0.40529370307922363,
        0.39617568254470825,
        0.3796739876270294,
        0.3679974377155304,
        0.3571954667568207,
        0.34255388379096985,
        0.3294525444507599
    ]
}