{
    "F1 Score": 0.71278435032222,
    "Accuracy": 0.7132040627885503,
    "AUC": 0.7852593095432533,
    "PR AUC": 0.7774754686304903,
    "Confusion Matrix": [
        [
            3655,
            1684
        ],
        [
            1422,
            4069
        ]
    ],
    "Mean FPR": 0.329392286882238,
    "Mean TPR": 0.649089571904669,
    "Validation Accuracy": [
        0.5468186140060425,
        0.6321454048156738,
        0.6723993420600891,
        0.6949357986450195,
        0.7137786746025085,
        0.736199676990509,
        0.7478286027908325,
        0.7641898989677429,
        0.777088463306427,
        0.7938537001609802,
        0.803982138633728,
        0.8182657361030579,
        0.830298662185669,
        0.8440917730331421,
        0.8560669422149658
    ],
    "Validation Loss": [
        0.6882294416427612,
        0.6381089687347412,
        0.6027215719223022,
        0.5754686594009399,
        0.5516409873962402,
        0.5278939604759216,
        0.5117987394332886,
        0.4886913299560547,
        0.4692312180995941,
        0.4446520507335663,
        0.4269988238811493,
        0.40360313653945923,
        0.37952089309692383,
        0.3590550124645233,
        0.3359917998313904
    ]
}