{
    "F1 Score": 0.6485486422080027,
    "Accuracy": 0.6485687903970453,
    "AUC": 0.7001955455109861,
    "PR AUC": 0.6809359110963829,
    "Confusion Matrix": [
        [
            3471,
            1868
        ],
        [
            1938,
            3553
        ]
    ],
    "Mean FPR": 0.3864563544091546,
    "Mean TPR": 0.5946784744319049,
    "Validation Accuracy": [
        0.557581901550293,
        0.6325782537460327,
        0.6696580648422241,
        0.7071706652641296,
        0.7599192261695862,
        0.8131294250488281,
        0.8573077321052551,
        0.8983696699142456,
        0.9257538318634033,
        0.9430673718452454,
        0.9570047855377197,
        0.9643341302871704,
        0.9734814763069153,
        0.9726446270942688,
        0.9792237877845764,
        0.9814168214797974,
        0.9821959137916565,
        0.9869282841682434,
        0.9834656119346619,
        0.9859183430671692
    ],
    "Validation Loss": [
        0.6795759797096252,
        0.6367563009262085,
        0.6035029888153076,
        0.5635207295417786,
        0.5065349340438843,
        0.43105563521385193,
        0.3524390757083893,
        0.27486923336982727,
        0.21449527144432068,
        0.16944251954555511,
        0.13571439683437347,
        0.1149444505572319,
        0.0928705707192421,
        0.09233236312866211,
        0.0750160738825798,
        0.07007928937673569,
        0.06730551272630692,
        0.055078309029340744,
        0.06242779642343521,
        0.05487977713346481
    ]
}