{
    "F1 Score": 0.768735780700474,
    "Accuracy": 0.7688827331486612,
    "AUC": 0.8471316734165177,
    "PR AUC": 0.8375679282503691,
    "Confusion Matrix": [
        [
            4027,
            1312
        ],
        [
            1191,
            4300
        ]
    ],
    "Mean FPR": 0.26925888588380587,
    "Mean TPR": 0.6859260984627595
}