{
    "F1 Score": 0.6965306089482475,
    "Accuracy": 0.6969529085872577,
    "AUC": 0.7704412802519159,
    "PR AUC": 0.7618008783034097,
    "Confusion Matrix": [
        [
            3572,
            1767
        ],
        [
            1515,
            3976
        ]
    ],
    "Mean FPR": 0.3369031035695237,
    "Mean TPR": 0.639234848288309,
    "Validation Accuracy": [
        0.5289568901062012,
        0.5787620544433594,
        0.6346558928489685,
        0.661693811416626,
        0.6826143264770508,
        0.6965517401695251,
        0.7123647332191467,
        0.7302553653717041,
        0.7371230721473694,
        0.7515510320663452
    ],
    "Validation Loss": [
        0.6920344829559326,
        0.6755226850509644,
        0.6349081993103027,
        0.6093330979347229,
        0.5906230211257935,
        0.5729063749313354,
        0.5537716150283813,
        0.5377737283706665,
        0.5223008394241333,
        0.5065011978149414
    ]
}