{
    "F1 Score": 0.6921881709183864,
    "Accuracy": 0.6925207756232687,
    "AUC": 0.760099134107272,
    "PR AUC": 0.7403563706490905,
    "Confusion Matrix": [
        [
            3928,
            1411
        ],
        [
            1919,
            3572
        ]
    ],
    "Mean FPR": 0.34068731431093735,
    "Mean TPR": 0.6184883698463277,
    "Validation Accuracy": [
        0.5224354267120361,
        0.5551868677139282,
        0.5788775086402893,
        0.603520393371582,
        0.6320877075195312,
        0.6570191979408264,
        0.6734093427658081,
        0.697850227355957,
        0.7175299525260925,
        0.736545979976654,
        0.7568316459655762,
        0.7817342281341553,
        0.8118597865104675,
        0.8484201431274414,
        0.8873178362846375,
        0.9213966131210327,
        0.9459529519081116,
        0.9621410965919495,
        0.9692685008049011,
        0.9728466272354126
    ],
    "Validation Loss": [
        0.6922520399093628,
        0.6819733381271362,
        0.670591413974762,
        0.6558701992034912,
        0.6366118788719177,
        0.6148346662521362,
        0.5967242121696472,
        0.5743963718414307,
        0.5512478947639465,
        0.5268557667732239,
        0.49932610988616943,
        0.4631747007369995,
        0.417644739151001,
        0.35317736864089966,
        0.27885156869888306,
        0.20746460556983948,
        0.1489635854959488,
        0.10959155112504959,
        0.0869431421160698,
        0.07653304189443588
    ]
}