{
    "F1 Score": 0.6316190174182625,
    "Accuracy": 0.6316712834718375,
    "AUC": 0.6769482552269546,
    "PR AUC": 0.65859301923447,
    "Confusion Matrix": [
        [
            3485,
            1854
        ],
        [
            2135,
            3356
        ]
    ],
    "Mean FPR": 0.4054430689312037,
    "Mean TPR": 0.5902667671326597,
    "Validation Accuracy": [
        0.5016592144966125,
        0.5063338875770569,
        0.5093348622322083,
        0.5076035261154175,
        0.5191746950149536,
        0.5240225195884705,
        0.5453758239746094,
        0.5712884068489075,
        0.592180073261261,
        0.6125811338424683,
        0.6256528496742249,
        0.64132159948349,
        0.6511902809143066,
        0.6579714417457581,
        0.6620112657546997,
        0.6739864349365234,
        0.6771894097328186,
        0.6865964531898499,
        0.6933198571205139,
        0.6974462270736694
    ],
    "Validation Loss": [
        0.6978037357330322,
        0.6956512928009033,
        0.695315420627594,
        0.6953644156455994,
        0.6936224699020386,
        0.6918706297874451,
        0.6867031455039978,
        0.678575336933136,
        0.6693858504295349,
        0.6575474143028259,
        0.6470822691917419,
        0.6376686692237854,
        0.6281379461288452,
        0.6202543377876282,
        0.6145094037055969,
        0.607171356678009,
        0.6025626063346863,
        0.5924329161643982,
        0.5855864882469177,
        0.5822439789772034
    ]
}