{
    "F1 Score": 0.7156461648170906,
    "Accuracy": 0.7156971375807941,
    "AUC": 0.7910885626018349,
    "PR AUC": 0.7853285814330482,
    "Confusion Matrix": [
        [
            3948,
            1391
        ],
        [
            1688,
            3803
        ]
    ],
    "Mean FPR": 0.32586874661715237,
    "Mean TPR": 0.6549264759656819,
    "Validation Accuracy": [
        0.5323041677474976,
        0.6289424300193787,
        0.6686481237411499,
        0.6948492527008057,
        0.7144135236740112,
        0.7368922233581543,
        0.7543788552284241,
        0.7705381512641907,
        0.785456657409668,
        0.800548255443573,
        0.8156110048294067,
        0.8317991495132446,
        0.8416101336479187,
        0.856846034526825,
        0.8681287169456482,
        0.8798730373382568,
        0.8905208706855774,
        0.8984850645065308,
        0.9098542928695679,
        0.9146155118942261
    ],
    "Validation Loss": [
        0.6916566491127014,
        0.6384947299957275,
        0.6006407141685486,
        0.5749441385269165,
        0.550513505935669,
        0.5253427028656006,
        0.500765323638916,
        0.47745540738105774,
        0.4550817608833313,
        0.4334014058113098,
        0.40692460536956787,
        0.38268017768859863,
        0.36227279901504517,
        0.33353084325790405,
        0.3148444890975952,
        0.28984278440475464,
        0.26856645941734314,
        0.2510491609573364,
        0.2266511768102646,
        0.21455597877502441
    ]
}