{
    "F1 Score": 0.7652353803149897,
    "Accuracy": 0.7652816251154201,
    "AUC": 0.8377333660021377,
    "PR AUC": 0.8230173252272158,
    "Confusion Matrix": [
        [
            4068,
            1271
        ],
        [
            1271,
            4220
        ]
    ],
    "Mean FPR": 0.2724110407899507,
    "Mean TPR": 0.6500681894508156,
    "Validation Accuracy": [
        0.5276871919631958,
        0.7078632116317749,
        0.7530803680419922,
        0.7746356725692749,
        0.794921338558197,
        0.8130139708518982,
        0.8294329643249512,
        0.8485932946205139,
        0.8599624633789062,
        0.8746501207351685,
        0.8872312903404236,
        0.8987447619438171,
        0.9095368385314941,
        0.9207040667533875,
        0.9298802614212036,
        0.9374116063117981,
        0.9419708847999573,
        0.9507430195808411,
        0.9544366002082825,
        0.9598326086997986
    ],
    "Validation Loss": [
        0.6905863881111145,
        0.5653104186058044,
        0.49939650297164917,
        0.4635372757911682,
        0.4307110011577606,
        0.3989904820919037,
        0.36812305450439453,
        0.3361607789993286,
        0.3096754550933838,
        0.281404048204422,
        0.2549593150615692,
        0.2335761934518814,
        0.20971868932247162,
        0.18582025170326233,
        0.16822919249534607,
        0.1527801901102066,
        0.1400095373392105,
        0.12302307784557343,
        0.11219785362482071,
        0.10121817886829376
    ]
}