{
    "F1 Score": 0.6359836385297579,
    "Accuracy": 0.6400738688827331,
    "AUC": 0.6901363633774336,
    "PR AUC": 0.6756979517009281,
    "Confusion Matrix": [
        [
            2892,
            2447
        ],
        [
            1451,
            4040
        ]
    ],
    "Mean FPR": 0.3967593378265507,
    "Mean TPR": 0.5956359873297558,
    "Validation Accuracy": [
        0.5015149116516113,
        0.5066224336624146,
        0.5077189207077026,
        0.5124512910842896,
        0.523185670375824,
        0.5566007494926453,
        0.5894675850868225,
        0.6152070164680481,
        0.632953405380249,
        0.6399653553962708,
        0.6558072566986084,
        0.6668301820755005,
        0.6786611080169678,
        0.6847785115242004,
        0.6945029497146606,
        0.7048044800758362,
        0.7107776403427124,
        0.7193767428398132,
        0.7263598442077637,
        0.7351608872413635
    ],
    "Validation Loss": [
        0.6983069777488708,
        0.6962657570838928,
        0.6956018209457397,
        0.6941337585449219,
        0.6916519403457642,
        0.6842319369316101,
        0.6703239679336548,
        0.6561604738235474,
        0.6467633247375488,
        0.6369039416313171,
        0.6249445676803589,
        0.614686131477356,
        0.602377712726593,
        0.5942127704620361,
        0.5848817825317383,
        0.5740391612052917,
        0.5668120384216309,
        0.5564635992050171,
        0.5473138093948364,
        0.5379002094268799
    ]
}