{
    "epoch": 8,
    "macro_f1": 0.3333333333333333,
    "micro_f1": 0.5,
    "flat_accuracy": 0.708,
    "accuracy": 0.5,
    "precision": 0.5,
    "recall": 1.0,
    "Avg Train Loss": 0.31260539869982845,
    "confusion_matrix": [
        [
            0,
            0
        ],
        [
            1,
            1
        ]
    ]
}