{
    "params": {
        "max_depth": 30,
        "min_samples_leaf": 4,
        "min_samples_split": 5,
        "n_estimators": 200
    },
    "AUC": 0.6620605483004998,
    "accuracy": 0.6118190212373038,
    "f1_score": 0.6186502177068215,
    "recall": 0.6254585473220836,
    "precision": 0.6119885139985642,
    "confusion_matrix": [
        [
            1608,
            1081
        ],
        [
            1021,
            1705
        ]
    ]
}