{
    "F1 Score": 0.7127410866674924,
    "Accuracy": 0.7127423822714681,
    "AUC": 0.7908335862914366,
    "PR AUC": 0.7710280538963502,
    "Confusion Matrix": [
        [
            3848,
            1491
        ],
        [
            1620,
            3871
        ]
    ],
    "Mean FPR": 0.3154280370584515,
    "Mean TPR": 0.6450305154592011,
    "Validation Accuracy": [
        0.500937819480896,
        0.5148463249206543,
        0.538940966129303,
        0.5787620544433594,
        0.6216996312141418,
        0.6528350710868835,
        0.6762949228286743,
        0.6886740922927856,
        0.7022074460983276,
        0.7093926072120667
    ],
    "Validation Loss": [
        0.6958864331245422,
        0.6934733986854553,
        0.6886553168296814,
        0.6758103370666504,
        0.6524374485015869,
        0.6215978264808655,
        0.5982387661933899,
        0.5824594497680664,
        0.567946195602417,
        0.5606318116188049
    ]
}