{
    "F1 Score": 0.7055200656028251,
    "Accuracy": 0.7058171745152355,
    "AUC": 0.7724608972935297,
    "PR AUC": 0.7522750548089476,
    "Confusion Matrix": [
        [
            3650,
            1689
        ],
        [
            1497,
            3994
        ]
    ],
    "Mean FPR": 0.3196813463940101,
    "Mean TPR": 0.6139667021599895,
    "Validation Accuracy": [
        0.5346992015838623,
        0.6029433012008667,
        0.6636272072792053,
        0.6972442865371704,
        0.7164334058761597,
        0.7301976680755615,
        0.7500216364860535,
        0.7615062594413757,
        0.7774635553359985,
        0.7890636324882507,
        0.8136488199234009,
        0.8325205445289612,
        0.8591256737709045,
        0.8801904320716858,
        0.9097099900245667,
        0.9278891682624817,
        0.9502813220024109,
        0.9577838778495789,
        0.9666714668273926,
        0.9690088033676147
    ],
    "Validation Loss": [
        0.6889452934265137,
        0.6555918455123901,
        0.610080361366272,
        0.5712186098098755,
        0.5459374189376831,
        0.528872013092041,
        0.5076665282249451,
        0.48550674319267273,
        0.4657422602176666,
        0.44366326928138733,
        0.41167744994163513,
        0.376242071390152,
        0.32996660470962524,
        0.2863856554031372,
        0.2270631492137909,
        0.18670319020748138,
        0.13677051663398743,
        0.11453165113925934,
        0.09323053807020187,
        0.08751057833433151
    ]
}