{
    "F1 Score": 0.7066732715910262,
    "Accuracy": 0.7067405355493999,
    "AUC": 0.775185084660151,
    "PR AUC": 0.75412347713263,
    "Confusion Matrix": [
        [
            3909,
            1430
        ],
        [
            1746,
            3745
        ]
    ],
    "Mean FPR": 0.32787214047050844,
    "Mean TPR": 0.6321034212862633,
    "Validation Accuracy": [
        0.5639878511428833,
        0.6572211980819702,
        0.6944164037704468,
        0.7231279611587524,
        0.7527340650558472,
        0.7754148244857788,
        0.8003462553024292,
        0.8175732493400574,
        0.8389265537261963,
        0.8597893714904785,
        0.8754003643989563,
        0.8925984501838684,
        0.9045159220695496,
        0.9157408475875854,
        0.9253498911857605,
        0.9347280263900757,
        0.9422594308853149,
        0.9502524733543396,
        0.9532535076141357,
        0.9594286680221558
    ],
    "Validation Loss": [
        0.6797647476196289,
        0.6134945154190063,
        0.5756833553314209,
        0.5419602394104004,
        0.5052012801170349,
        0.47182580828666687,
        0.4338395297527313,
        0.4027155935764313,
        0.3661532402038574,
        0.33066198229789734,
        0.29872021079063416,
        0.26703473925590515,
        0.2373940795660019,
        0.21387335658073425,
        0.19068390130996704,
        0.16923874616622925,
        0.1509995460510254,
        0.13287802040576935,
        0.12248453497886658,
        0.10786594450473785
    ]
}