{
    "F1 Score": 0.765451282288812,
    "Accuracy": 0.7656509695290858,
    "AUC": 0.8391462929224478,
    "PR AUC": 0.8203925653140764,
    "Confusion Matrix": [
        [
            3988,
            1351
        ],
        [
            1187,
            4304
        ]
    ],
    "Mean FPR": 0.2601184185247904,
    "Mean TPR": 0.6357145766454011,
    "Validation Accuracy": [
        0.636704683303833,
        0.7484056949615479,
        0.7778098583221436,
        0.7997980117797852,
        0.8193045854568481,
        0.8422738313674927,
        0.8619824051856995,
        0.877910852432251,
        0.8930889964103699,
        0.9044293761253357,
        0.9194344282150269,
        0.9292454123497009,
        0.9363439679145813,
        0.945347011089325,
        0.9513778686523438,
        0.9576972723007202,
        0.9624007940292358,
        0.9675371646881104,
        0.9713461399078369,
        0.9761073589324951
    ],
    "Validation Loss": [
        0.6132724285125732,
        0.5037713050842285,
        0.46071749925613403,
        0.4260506331920624,
        0.3871461749076843,
        0.3455904424190521,
        0.30898576974868774,
        0.2785705029964447,
        0.2452954798936844,
        0.22185368835926056,
        0.19271962344646454,
        0.1714073270559311,
        0.15277215838432312,
        0.1340208500623703,
        0.12038856744766235,
        0.1051943302154541,
        0.0918223038315773,
        0.08272520452737808,
        0.07234678417444229,
        0.06516794860363007
    ]
}