{
    "F1 Score": 0.6326912693111822,
    "Accuracy": 0.6328716528162511,
    "AUC": 0.6772039819693034,
    "PR AUC": 0.6593296483672048,
    "Confusion Matrix": [
        [
            3547,
            1792
        ],
        [
            2184,
            3307
        ]
    ],
    "Mean FPR": 0.4056885469013664,
    "Mean TPR": 0.5899846308925122,
    "Validation Accuracy": [
        0.5041119456291199,
        0.5027268528938293,
        0.5044004917144775,
        0.5082094669342041,
        0.552272379398346,
        0.6081085205078125,
        0.6292309761047363,
        0.6445245742797852,
        0.6625018119812012,
        0.6826720237731934,
        0.6997547149658203,
        0.7107776403427124,
        0.7244842052459717,
        0.7362285256385803,
        0.7473957538604736,
        0.7591689229011536,
        0.7707113027572632,
        0.7817630767822266,
        0.7904775738716125,
        0.8045015335083008
    ],
    "Validation Loss": [
        0.6997472047805786,
        0.6980090141296387,
        0.6968284845352173,
        0.6959837675094604,
        0.6857067942619324,
        0.6614320874214172,
        0.6493364572525024,
        0.6354733109474182,
        0.6178077459335327,
        0.5983741879463196,
        0.5814890265464783,
        0.5654571652412415,
        0.5490188598632812,
        0.5333716869354248,
        0.5180844068527222,
        0.5019575953483582,
        0.4833590090274811,
        0.4675379991531372,
        0.4500180780887604,
        0.428027480840683
    ]
}