{
    "F1 Score": 0.6675100184481284,
    "Accuracy": 0.667590027700831,
    "AUC": 0.7331386042013479,
    "PR AUC": 0.7170906856245935,
    "Confusion Matrix": [
        [
            3531,
            1808
        ],
        [
            1792,
            3699
        ]
    ],
    "Mean FPR": 0.35094775548899426,
    "Mean TPR": 0.5975135988674252,
    "Validation Accuracy": [
        0.5775501132011414,
        0.6650122404098511,
        0.7101140022277832,
        0.7638724446296692,
        0.8302409648895264,
        0.8928870558738708,
        0.9360842704772949,
        0.9598903656005859,
        0.9702207446098328,
        0.9766267538070679,
        0.9810128211975098,
        0.9823979139328003,
        0.9837541580200195,
        0.9845909476280212,
        0.9882556796073914,
        0.9874765276908875,
        0.987332284450531,
        0.9886885285377502,
        0.9899004697799683,
        0.9891501665115356
    ],
    "Validation Loss": [
        0.6656976938247681,
        0.6050704121589661,
        0.5579437613487244,
        0.49122247099876404,
        0.3946029543876648,
        0.27838531136512756,
        0.18650491535663605,
        0.12731550633907318,
        0.09761171787977219,
        0.0755126029253006,
        0.062233541160821915,
        0.05574307590723038,
        0.05203542858362198,
        0.048315469175577164,
        0.039670418947935104,
        0.03991569206118584,
        0.04170994833111763,
        0.03605293110013008,
        0.033232007175683975,
        0.03352106735110283
    ]
}