{
    "F1 Score": 0.6163827956870189,
    "Accuracy": 0.6171745152354571,
    "AUC": 0.6491298281043519,
    "PR AUC": 0.6309393046898363,
    "Confusion Matrix": [
        [
            3096,
            2243
        ],
        [
            1903,
            3588
        ]
    ],
    "Mean FPR": 0.4141574959207534,
    "Mean TPR": 0.5667725013794404,
    "Validation Accuracy": [
        0.5607271790504456,
        0.6328957080841064,
        0.682758629322052,
        0.7466166615486145,
        0.81134033203125,
        0.8626172542572021,
        0.9029000401496887,
        0.9302553534507751,
        0.9466743469238281,
        0.9593132138252258,
        0.9668157696723938,
        0.9719232320785522,
        0.9725292325019836,
        0.9776943922042847,
        0.9803491830825806
    ],
    "Validation Loss": [
        0.6785049438476562,
        0.6362748742103577,
        0.5940020084381104,
        0.5260900855064392,
        0.43422502279281616,
        0.34469473361968994,
        0.2687579393386841,
        0.2079113870859146,
        0.16646410524845123,
        0.13624246418476105,
        0.11359185725450516,
        0.10069889575242996,
        0.09703876078128815,
        0.08148837089538574,
        0.07330423593521118
    ]
}