{
    "F1 Score": 0.7450257997451147,
    "Accuracy": 0.7464450600184672,
    "AUC": 0.8213226131172982,
    "PR AUC": 0.8064985315080668,
    "Confusion Matrix": [
        [
            3638,
            1701
        ],
        [
            1045,
            4446
        ]
    ],
    "Mean FPR": 0.2931762288743573,
    "Mean TPR": 0.6675707982811915,
    "Validation Accuracy": [
        0.5054970383644104,
        0.5138940811157227,
        0.5204732418060303,
        0.5454335808753967,
        0.5760207772254944,
        0.608483612537384,
        0.6423026919364929,
        0.669080913066864,
        0.6823257803916931,
        0.6955994963645935,
        0.7029288411140442,
        0.7091040015220642,
        0.7189438939094543,
        0.7227817177772522,
        0.727600634098053,
        0.7323330044746399,
        0.7367190718650818,
        0.7405857443809509,
        0.7416822910308838,
        0.7463569641113281
    ],
    "Validation Loss": [
        0.6960433125495911,
        0.6938258409500122,
        0.6927575469017029,
        0.6866453289985657,
        0.6761906147003174,
        0.6598572731018066,
        0.6330103278160095,
        0.6075476408004761,
        0.5911540985107422,
        0.5770149230957031,
        0.5663577914237976,
        0.5579079985618591,
        0.5477801561355591,
        0.5408917665481567,
        0.5348073244094849,
        0.526730477809906,
        0.5224963426589966,
        0.5179745554924011,
        0.5118324160575867,
        0.5062236189842224
    ]
}