{
    "F1 Score": 0.7016915539323316,
    "Accuracy": 0.7018467220683288,
    "AUC": 0.7675765062815078,
    "PR AUC": 0.7456821472576424,
    "Confusion Matrix": [
        [
            3677,
            1662
        ],
        [
            1567,
            3924
        ]
    ],
    "Mean FPR": 0.3386342904589323,
    "Mean TPR": 0.6329638852616041,
    "Validation Accuracy": [
        0.5838984251022339,
        0.661693811416626,
        0.6905208230018616,
        0.7144712209701538,
        0.739402711391449,
        0.7599192261695862,
        0.7789351940155029,
        0.7997403144836426,
        0.8176597952842712,
        0.83306884765625,
        0.8468042016029358,
        0.8632808923721313,
        0.8789496421813965,
        0.8880103826522827,
        0.9013129472732544,
        0.9100562930107117,
        0.9182801842689514,
        0.9276872277259827,
        0.9346703290939331,
        0.9413648843765259
    ],
    "Validation Loss": [
        0.6642904281616211,
        0.608119010925293,
        0.5789704322814941,
        0.5502942800521851,
        0.5211333632469177,
        0.4918948709964752,
        0.4618016183376312,
        0.4313090145587921,
        0.40186870098114014,
        0.3735446333885193,
        0.3461208939552307,
        0.3166079521179199,
        0.29201656579971313,
        0.26566562056541443,
        0.24229012429714203,
        0.22123445570468903,
        0.20297487080097198,
        0.1809796690940857,
        0.16483210027217865,
        0.15006114542484283
    ]
}