{
    "F1 Score": 0.7195388861265377,
    "Accuracy": 0.7196675900277009,
    "AUC": 0.799592713292118,
    "PR AUC": 0.790287539418244,
    "Confusion Matrix": [
        [
            4013,
            1326
        ],
        [
            1710,
            3781
        ]
    ],
    "Mean FPR": 0.31880314147871575,
    "Mean TPR": 0.6612907071907151,
    "Validation Accuracy": [
        0.5091040134429932,
        0.5929880142211914,
        0.6594430804252625,
        0.6955417394638062,
        0.7177319526672363,
        0.7416534423828125,
        0.7631798982620239,
        0.7791949510574341,
        0.7976338267326355,
        0.814774215221405
    ],
    "Validation Loss": [
        0.7029464244842529,
        0.6659848690032959,
        0.6095587015151978,
        0.5735220909118652,
        0.5448789000511169,
        0.5175725221633911,
        0.4910629093647003,
        0.46365007758140564,
        0.43836086988449097,
        0.40806910395622253
    ]
}