{
    "F1 Score": 0.6247364682774731,
    "Accuracy": 0.6256694367497692,
    "AUC": 0.6751272638783776,
    "PR AUC": 0.6567988811755959,
    "Confusion Matrix": [
        [
            3118,
            2221
        ],
        [
            1833,
            3658
        ]
    ],
    "Mean FPR": 0.40707106130264187,
    "Mean TPR": 0.5886259674510034,
    "Validation Accuracy": [
        0.5032463073730469,
        0.5046024918556213,
        0.5060452818870544,
        0.5068821310997009,
        0.5094503164291382,
        0.5158274173736572,
        0.5260135531425476,
        0.552503228187561,
        0.575414776802063,
        0.5932188630104065,
        0.6174578070640564,
        0.6266050934791565,
        0.6410619020462036,
        0.6494012475013733,
        0.6586062908172607
    ],
    "Validation Loss": [
        0.6982949376106262,
        0.6964144706726074,
        0.6966351270675659,
        0.6956915855407715,
        0.6953861117362976,
        0.6934374570846558,
        0.6917142271995544,
        0.6848009824752808,
        0.6766271591186523,
        0.6674187183380127,
        0.6550918817520142,
        0.6476098895072937,
        0.6366854310035706,
        0.6296346783638,
        0.6210815906524658
    ]
}