{
    "F1 Score": 0.639519544918185,
    "Accuracy": 0.6395198522622345,
    "AUC": 0.6906983004660626,
    "PR AUC": 0.6737032556385867,
    "Confusion Matrix": [
        [
            3468,
            1871
        ],
        [
            2033,
            3458
        ]
    ],
    "Mean FPR": 0.39658623749227434,
    "Mean TPR": 0.5964996295973587,
    "Validation Accuracy": [
        0.5052084922790527,
        0.5021209120750427,
        0.506564736366272,
        0.5082094669342041,
        0.519463300704956,
        0.5676814317703247,
        0.6106189489364624,
        0.6288270354270935,
        0.641004204750061,
        0.6575385928153992,
        0.6729764938354492,
        0.6861059069633484,
        0.6962054371833801,
        0.7087289094924927,
        0.71747225522995,
        0.7255229949951172,
        0.7370365262031555,
        0.7454335689544678,
        0.7556774020195007,
        0.7621699571609497
    ],
    "Validation Loss": [
        0.6981407999992371,
        0.6974527835845947,
        0.6963099837303162,
        0.6954209208488464,
        0.692889928817749,
        0.6803138256072998,
        0.6606670022010803,
        0.6486282348632812,
        0.6377860903739929,
        0.623943030834198,
        0.6086536049842834,
        0.5953218936920166,
        0.5830937623977661,
        0.5706286430358887,
        0.5591337084770203,
        0.5489705204963684,
        0.5349961519241333,
        0.521848201751709,
        0.5121170282363892,
        0.49905267357826233
    ]
}