{
    "F1 Score": 0.7305075296582555,
    "Accuracy": 0.7313019390581718,
    "AUC": 0.8245081626359317,
    "PR AUC": 0.8137645442841175,
    "Confusion Matrix": [
        [
            4254,
            1085
        ],
        [
            1825,
            3666
        ]
    ],
    "Mean FPR": 0.29275210280304775,
    "Mean TPR": 0.6732690401648757,
    "Validation Accuracy": [
        0.5205309391021729,
        0.6057134866714478,
        0.681431233882904,
        0.703477144241333,
        0.7226085662841797,
        0.7322753071784973,
        0.746126115322113,
        0.7568027973175049,
        0.7659212350845337,
        0.7776078581809998,
        0.7836387157440186,
        0.7942577004432678,
        0.8020487427711487,
        0.8118597865104675,
        0.8219016194343567,
        0.8300966620445251,
        0.8382051587104797,
        0.8476698994636536,
        0.8545953035354614,
        0.8624729514122009
    ],
    "Validation Loss": [
        0.6896880865097046,
        0.655474841594696,
        0.5921069979667664,
        0.5626161694526672,
        0.5394407510757446,
        0.5238833427429199,
        0.5056444406509399,
        0.48968255519866943,
        0.4774709641933441,
        0.4599103331565857,
        0.44782862067222595,
        0.4294258952140808,
        0.41678085923194885,
        0.4003199338912964,
        0.38230326771736145,
        0.3685927391052246,
        0.35412728786468506,
        0.3346478044986725,
        0.3246091902256012,
        0.3072035610675812
    ]
}