{
    "params": {
        "max_depth": 10,
        "min_samples_leaf": 4,
        "min_samples_split": 2,
        "n_estimators": 200
    },
    "AUC": 0.6211644025672375,
    "accuracy": 0.585595567867036,
    "f1_score": 0.6146978021978022,
    "recall": 0.6566397652237711,
    "precision": 0.577792123950936,
    "confusion_matrix": [
        [
            1381,
            1308
        ],
        [
            936,
            1790
        ]
    ]
}