{
    "epoch": 6,
    "macro_f1": 1.0,
    "micro_f1": 1.0,
    "flat_accuracy": 0.7439759036144579,
    "accuracy": 1.0,
    "precision": 1.0,
    "recall": 1.0,
    "Avg Train Loss": 0.4005070004899192,
    "confusion_matrix": [
        [
            1,
            0
        ],
        [
            0,
            3
        ]
    ]
}