{
    "epoch": 3,
    "macro_f1": 1.0,
    "micro_f1": 1.0,
    "flat_accuracy": 0.7349397590361443,
    "accuracy": 1.0,
    "precision": 1.0,
    "recall": 1.0,
    "Avg Train Loss": 0.4207545835579276,
    "confusion_matrix": [
        [
            3,
            0
        ],
        [
            0,
            1
        ]
    ]
}