{
    "epoch": 4,
    "macro_f1": 0.2,
    "micro_f1": 0.25,
    "flat_accuracy": 0.7354417670682729,
    "accuracy": 0.25,
    "precision": 0.0,
    "recall": 0.0,
    "Avg Train Loss": 0.4114405373518226,
    "confusion_matrix": [
        [
            1,
            1
        ],
        [
            2,
            0
        ]
    ]
}