{
    "epoch": 0,
    "macro_f1": 0.3333333333333333,
    "micro_f1": 0.5,
    "flat_accuracy": 0.611,
    "accuracy": 0.5,
    "precision": 1.0,
    "recall": 0.5,
    "Avg Train Loss": 0.6644154526892793,
    "confusion_matrix": [
        [
            0,
            1
        ],
        [
            0,
            1
        ]
    ]
}