{
    "epoch": 1,
    "macro_f1": 0.3333333333333333,
    "micro_f1": 0.5,
    "flat_accuracy": 0.66,
    "accuracy": 0.5,
    "precision": 0.0,
    "recall": 0.0,
    "Avg Train Loss": 0.5631612912300024,
    "confusion_matrix": [
        [
            1,
            0
        ],
        [
            1,
            0
        ]
    ]
}