{
    "F1 Score": 0.6996306325379102,
    "Accuracy": 0.6996306555863343,
    "AUC": 0.7726130985372751,
    "PR AUC": 0.7601450113439004,
    "Confusion Matrix": [
        [
            3787,
            1552
        ],
        [
            1701,
            3790
        ]
    ],
    "Mean FPR": 0.3377194043257794,
    "Mean TPR": 0.6423325520163233,
    "Validation Accuracy": [
        0.5276871919631958,
        0.553166925907135,
        0.5839272737503052,
        0.6097244024276733,
        0.636704683303833,
        0.6500937938690186,
        0.6631366610527039,
        0.6698600649833679,
        0.6754003763198853,
        0.6805078387260437,
        0.6886452436447144,
        0.696753740310669,
        0.7039965391159058,
        0.715596616268158,
        0.7193189859390259,
        0.725724995136261,
        0.7333717942237854,
        0.7418554425239563,
        0.7482903003692627,
        0.7548983097076416
    ],
    "Validation Loss": [
        0.6931893825531006,
        0.6832957863807678,
        0.6693458557128906,
        0.6525847911834717,
        0.6352774500846863,
        0.6204253435134888,
        0.6090285181999207,
        0.6021892428398132,
        0.5934832692146301,
        0.5871474742889404,
        0.5794917941093445,
        0.5722055435180664,
        0.5616634488105774,
        0.5529480576515198,
        0.5452487468719482,
        0.5364765524864197,
        0.5281272530555725,
        0.5169490575790405,
        0.5068384408950806,
        0.5008925795555115
    ]
}