{
    "epoch": 12,
    "macro_f1": 0.3333333333333333,
    "micro_f1": 0.5,
    "flat_accuracy": 0.7,
    "accuracy": 0.5,
    "precision": 0.0,
    "recall": 0.0,
    "Avg Train Loss": 0.38755579480376096,
    "confusion_matrix": [
        [
            1,
            1
        ],
        [
            0,
            0
        ]
    ]
}