{
    "epoch": 10,
    "macro_f1": 0.3333333333333333,
    "micro_f1": 0.5,
    "flat_accuracy": 0.7339357429718872,
    "accuracy": 0.5,
    "precision": 0.0,
    "recall": 0.0,
    "Avg Train Loss": 0.22621682079212405,
    "confusion_matrix": [
        [
            2,
            1
        ],
        [
            1,
            0
        ]
    ]
}