{
    "epoch": 7,
    "macro_f1": 1.0,
    "micro_f1": 1.0,
    "flat_accuracy": 0.7279116465863456,
    "accuracy": 1.0,
    "precision": 1.0,
    "recall": 1.0,
    "Avg Train Loss": 0.3387427311379343,
    "confusion_matrix": [
        [
            2,
            0
        ],
        [
            0,
            2
        ]
    ]
}