{
    "epoch": 1,
    "macro_f1": 1.0,
    "micro_f1": 1.0,
    "flat_accuracy": 0.7530120481927709,
    "accuracy": 1.0,
    "precision": 1.0,
    "recall": 1.0,
    "Avg Train Loss": 0.5028859785938689,
    "confusion_matrix": [
        [
            2,
            0
        ],
        [
            0,
            2
        ]
    ]
}