{
    "epoch": 8,
    "macro_f1": 0.5,
    "micro_f1": 0.5,
    "flat_accuracy": 0.7319277108433733,
    "accuracy": 0.5,
    "precision": 0.3333333333333333,
    "recall": 1.0,
    "Avg Train Loss": 0.29834852415590063,
    "confusion_matrix": [
        [
            1,
            0
        ],
        [
            2,
            1
        ]
    ]
}