{
    "epoch": 14,
    "macro_f1": 0.3333333333333333,
    "micro_f1": 0.5,
    "flat_accuracy": 0.7399598393574295,
    "accuracy": 0.5,
    "precision": 0.0,
    "recall": 0.0,
    "Avg Train Loss": 0.15503967482308678,
    "confusion_matrix": [
        [
            2,
            2
        ],
        [
            0,
            0
        ]
    ]
}