{
    "epoch": 12,
    "macro_f1": 0.42857142857142855,
    "micro_f1": 0.75,
    "flat_accuracy": 0.7334337349397586,
    "accuracy": 0.75,
    "precision": 0.0,
    "recall": 0.0,
    "Avg Train Loss": 0.18422677739018398,
    "confusion_matrix": [
        [
            3,
            0
        ],
        [
            1,
            0
        ]
    ]
}