{
    "epoch": 13,
    "macro_f1": 1.0,
    "micro_f1": 1.0,
    "flat_accuracy": 0.7369477911646588,
    "accuracy": 1.0,
    "precision": 1.0,
    "recall": 1.0,
    "Avg Train Loss": 0.17163543960418365,
    "confusion_matrix": [
        [
            4
        ]
    ]
}