{
    "F1 Score": 0.7579053329777263,
    "Accuracy": 0.7579870729455217,
    "AUC": 0.8376314436990646,
    "PR AUC": 0.8223836490037348,
    "Confusion Matrix": [
        [
            4204,
            1135
        ],
        [
            1486,
            4005
        ]
    ],
    "Mean FPR": 0.2815614779978894,
    "Mean TPR": 0.6715367352426328,
    "Validation Accuracy": [
        0.5444524884223938,
        0.6850671172142029,
        0.7393449544906616,
        0.7605828642845154,
        0.7737700343132019,
        0.7859183549880981,
        0.7982975244522095,
        0.8128120303153992,
        0.8222767114639282,
        0.8367623686790466,
        0.8459096550941467,
        0.8596739172935486,
        0.8680132627487183,
        0.8807387351989746,
        0.8906651139259338,
        0.8997835516929626,
        0.906333863735199,
        0.9167508482933044,
        0.9222046136856079,
        0.9307748079299927
    ],
    "Validation Loss": [
        0.6871684789657593,
        0.5850404500961304,
        0.5165210962295532,
        0.483762264251709,
        0.4630873501300812,
        0.44273364543914795,
        0.4242822527885437,
        0.40088722109794617,
        0.3807375133037567,
        0.35797759890556335,
        0.3393169045448303,
        0.3141161799430847,
        0.2962055802345276,
        0.2710622251033783,
        0.25340548157691956,
        0.23661690950393677,
        0.21854346990585327,
        0.1979481726884842,
        0.18648087978363037,
        0.16746121644973755
    ]
}