{
    "F1 Score": 0.7670874737065803,
    "Accuracy": 0.7672206832871653,
    "AUC": 0.8452190611489133,
    "PR AUC": 0.8352009252227598,
    "Confusion Matrix": [
        [
            4025,
            1314
        ],
        [
            1207,
            4284
        ]
    ],
    "Mean FPR": 0.27565470710872775,
    "Mean TPR": 0.6814502991464794,
    "Validation Accuracy": [
        0.5738277435302734,
        0.7215697765350342,
        0.7524743676185608,
        0.7692685127258301,
        0.783234715461731,
        0.7919492125511169,
        0.8062617182731628,
        0.8176597952842712,
        0.8300966620445251,
        0.8388400077819824,
        0.8494300842285156,
        0.859933614730835,
        0.8693695068359375,
        0.8792670369148254,
        0.8854133486747742
    ],
    "Validation Loss": [
        0.6608648300170898,
        0.5393926501274109,
        0.4946148991584778,
        0.4695846140384674,
        0.4474872052669525,
        0.4296139180660248,
        0.40906617045402527,
        0.3877747654914856,
        0.36574944853782654,
        0.3455170691013336,
        0.3249989151954651,
        0.30754533410072327,
        0.2908541262149811,
        0.27046236395835876,
        0.2525939643383026
    ]
}