{
    "F1 Score": 0.7262081377827909,
    "Accuracy": 0.7262234533702677,
    "AUC": 0.7981024407151085,
    "PR AUC": 0.7804077620869492,
    "Confusion Matrix": [
        [
            3892,
            1447
        ],
        [
            1518,
            3973
        ]
    ],
    "Mean FPR": 0.3001451648244366,
    "Mean TPR": 0.619185273522286,
    "Validation Accuracy": [
        0.5748953819274902,
        0.6668013334274292,
        0.7165200114250183,
        0.7530803680419922,
        0.7877939939498901,
        0.8169960975646973,
        0.8495743870735168,
        0.8746789693832397,
        0.8962343335151672,
        0.9169816970825195,
        0.9285240173339844,
        0.9400086402893066,
        0.9523301124572754,
        0.9591978192329407,
        0.9625739455223083,
        0.968489408493042,
        0.9737411737442017,
        0.9764824509620667,
        0.9773193001747131,
        0.9807819724082947
    ],
    "Validation Loss": [
        0.667572021484375,
        0.6012461185455322,
        0.5432911515235901,
        0.4958634674549103,
        0.44537487626075745,
        0.39576804637908936,
        0.34167444705963135,
        0.2909410893917084,
        0.2485703080892563,
        0.20490607619285583,
        0.17934268712997437,
        0.15075010061264038,
        0.12567724287509918,
        0.11056295037269592,
        0.09818313270807266,
        0.084635891020298,
        0.07427967339754105,
        0.0643123909831047,
        0.06215212494134903,
        0.05393796041607857
    ]
}