{
    "F1 Score": 0.7607886584364021,
    "Accuracy": 0.7611265004616805,
    "AUC": 0.8506732687850427,
    "PR AUC": 0.8401853737091104,
    "Confusion Matrix": [
        [
            4325,
            1014
        ],
        [
            1573,
            3918
        ]
    ],
    "Mean FPR": 0.26840018987084974,
    "Mean TPR": 0.6896442554887451,
    "Validation Accuracy": [
        0.5676525831222534,
        0.7141826748847961,
        0.7307747602462769,
        0.7425479888916016,
        0.7631798982620239,
        0.7761362195014954,
        0.790968120098114,
        0.8015293478965759,
        0.8148319125175476,
        0.8269513845443726,
        0.8369355201721191,
        0.848160445690155,
        0.8627326488494873,
        0.8749098181724548,
        0.8832780122756958
    ],
    "Validation Loss": [
        0.6678196787834167,
        0.5479861497879028,
        0.517981767654419,
        0.5091767907142639,
        0.4778764545917511,
        0.4546237587928772,
        0.4337838292121887,
        0.4152170717716217,
        0.3954644501209259,
        0.36777815222740173,
        0.3509341776371002,
        0.33114293217658997,
        0.3027918338775635,
        0.2801983654499054,
        0.25938746333122253
    ]
}