{
    "F1 Score": 0.693568464033938,
    "Accuracy": 0.6940904893813481,
    "AUC": 0.7596848786154149,
    "PR AUC": 0.7431262247678756,
    "Confusion Matrix": [
        [
            3535,
            1804
        ],
        [
            1509,
            3982
        ]
    ],
    "Mean FPR": 0.33502388521504245,
    "Mean TPR": 0.6113948542307247,
    "Validation Accuracy": [
        0.5830616354942322,
        0.6721107959747314,
        0.7214543223381042,
        0.7738854289054871,
        0.8366758227348328,
        0.8922810554504395,
        0.9336603879928589,
        0.9549848437309265,
        0.9683162569999695,
        0.972240686416626,
        0.9782426953315735,
        0.9813302755355835,
        0.9813014268875122,
        0.9284663200378418,
        0.8293464183807373,
        0.9735103249549866,
        0.981041669845581,
        0.9820516705513,
        0.9858606457710266,
        0.9860048890113831
    ],
    "Validation Loss": [
        0.6631256937980652,
        0.597862720489502,
        0.5431915521621704,
        0.4717642068862915,
        0.37818244099617004,
        0.27130764722824097,
        0.17909719049930573,
        0.1255306750535965,
        0.09318885952234268,
        0.08330072462558746,
        0.06824491918087006,
        0.060780350118875504,
        0.05811471864581108,
        0.15143771469593048,
        0.37468457221984863,
        0.07449248433113098,
        0.055340055376291275,
        0.05424647405743599,
        0.0441962368786335,
        0.043648868799209595
    ]
}