{
    "F1 Score": 0.6988848024979901,
    "Accuracy": 0.6996306555863343,
    "AUC": 0.7664348264007008,
    "PR AUC": 0.7481823956737037,
    "Confusion Matrix": [
        [
            3519,
            1820
        ],
        [
            1433,
            4058
        ]
    ],
    "Mean FPR": 0.34181498282705053,
    "Mean TPR": 0.6364509385734972,
    "Validation Accuracy": [
        0.5477997660636902,
        0.6243255138397217,
        0.6637714505195618,
        0.6849228143692017,
        0.7039388418197632,
        0.7193189859390259,
        0.7377001643180847,
        0.7471649050712585,
        0.7598037719726562,
        0.7739720344543457,
        0.785110354423523,
        0.7962198853492737,
        0.8064348697662354,
        0.8152359127998352,
        0.8251911997795105,
        0.836704671382904,
        0.8466888070106506,
        0.8547973036766052,
        0.8658490777015686,
        0.8715048432350159
    ],
    "Validation Loss": [
        0.6851224899291992,
        0.6461676955223083,
        0.6111264228820801,
        0.5883818864822388,
        0.5684658885002136,
        0.5492727756500244,
        0.5313631296157837,
        0.5145207643508911,
        0.4980355501174927,
        0.48060891032218933,
        0.463362455368042,
        0.4463253617286682,
        0.428979754447937,
        0.412508487701416,
        0.39412662386894226,
        0.3749958276748657,
        0.3575928509235382,
        0.3408019542694092,
        0.3230375349521637,
        0.3097425401210785
    ]
}