{
    "F1 Score": 0.6976702270296575,
    "Accuracy": 0.6989843028624192,
    "AUC": 0.7718553328201516,
    "PR AUC": 0.76342975209537,
    "Confusion Matrix": [
        [
            3428,
            1911
        ],
        [
            1349,
            4142
        ]
    ],
    "Mean FPR": 0.33876530752549405,
    "Mean TPR": 0.6424818752283031,
    "Validation Accuracy": [
        0.5301976799964905,
        0.605511486530304,
        0.6445823311805725,
        0.670408308506012,
        0.682210385799408,
        0.6976770758628845,
        0.7106622457504272,
        0.7231279611587524,
        0.733429491519928,
        0.7484345436096191,
        0.7552445530891418,
        0.7617659568786621,
        0.7725292444229126,
        0.7806954383850098,
        0.7913721203804016,
        0.7992497682571411,
        0.8066945672035217,
        0.8152070641517639,
        0.8208339214324951,
        0.8311354517936707
    ],
    "Validation Loss": [
        0.6895208954811096,
        0.661655843257904,
        0.6260175108909607,
        0.6029342412948608,
        0.5875099301338196,
        0.5709232687950134,
        0.5556684732437134,
        0.5422764420509338,
        0.5274291634559631,
        0.5132359862327576,
        0.5014773011207581,
        0.4882314205169678,
        0.4762132465839386,
        0.4628387689590454,
        0.4462164342403412,
        0.43629035353660583,
        0.42529192566871643,
        0.40880411863327026,
        0.39833688735961914,
        0.38181138038635254
    ]
}