{
    "F1 Score": 0.748509554393312,
    "Accuracy": 0.7488457987072945,
    "AUC": 0.8212808618124247,
    "PR AUC": 0.8092122433628413,
    "Confusion Matrix": [
        [
            3857,
            1482
        ],
        [
            1238,
            4253
        ]
    ],
    "Mean FPR": 0.29541732460861764,
    "Mean TPR": 0.66319772513084,
    "Validation Accuracy": [
        0.5279180407524109,
        0.646948516368866,
        0.7028422951698303,
        0.731582760810852,
        0.7473092079162598,
        0.7622854113578796,
        0.7774347066879272,
        0.7901024222373962,
        0.8013273477554321,
        0.8137353658676147,
        0.8245563507080078,
        0.834482729434967,
        0.8466888070106506,
        0.857740581035614,
        0.8644639849662781,
        0.8775357007980347,
        0.8829894661903381,
        0.8922522068023682,
        0.897965669631958,
        0.9052661657333374
    ],
    "Validation Loss": [
        0.68670654296875,
        0.619633674621582,
        0.559350848197937,
        0.5280897617340088,
        0.5035549998283386,
        0.4812674820423126,
        0.46076929569244385,
        0.4398866295814514,
        0.41911864280700684,
        0.4005041718482971,
        0.3792932331562042,
        0.35997727513313293,
        0.338321715593338,
        0.3184148073196411,
        0.3009236752986908,
        0.2805640399456024,
        0.26506805419921875,
        0.2503691017627716,
        0.2364303022623062,
        0.21948106586933136
    ]
}