{
    "F1 Score": 0.7013848786085659,
    "Accuracy": 0.7013850415512466,
    "AUC": 0.7716797487990446,
    "PR AUC": 0.7603567957405543,
    "Confusion Matrix": [
        [
            3794,
            1545
        ],
        [
            1689,
            3802
        ]
    ],
    "Mean FPR": 0.33750228137222865,
    "Mean TPR": 0.6387768072486903,
    "Validation Accuracy": [
        0.5276294946670532,
        0.5963064432144165,
        0.6509305834770203,
        0.6736401915550232,
        0.6944741010665894,
        0.7089597582817078,
        0.7215697765350342,
        0.7409031987190247,
        0.7519261240959167,
        0.7670177221298218,
        0.7807531356811523,
        0.7886884808540344,
        0.8028567433357239,
        0.808916449546814,
        0.8216419219970703
    ],
    "Validation Loss": [
        0.6918886303901672,
        0.6648382544517517,
        0.6214958429336548,
        0.5999056696891785,
        0.5802628397941589,
        0.56163090467453,
        0.5469593405723572,
        0.5248057246208191,
        0.5077844262123108,
        0.486627459526062,
        0.47223493456840515,
        0.45532503724098206,
        0.436286598443985,
        0.42439064383506775,
        0.40340089797973633
    ]
}