{
    "F1 Score": 0.7458879149019995,
    "Accuracy": 0.7458910433979686,
    "AUC": 0.8214417782999571,
    "PR AUC": 0.8105896334168303,
    "Confusion Matrix": [
        [
            4020,
            1319
        ],
        [
            1433,
            4058
        ]
    ],
    "Mean FPR": 0.28009439858377005,
    "Mean TPR": 0.6360342349487031,
    "Validation Accuracy": [
        0.6100130081176758,
        0.6973308324813843,
        0.7265618443489075,
        0.7548694014549255,
        0.7728177905082703,
        0.79041987657547,
        0.804847776889801,
        0.819391131401062,
        0.837339460849762,
        0.8497475385665894,
        0.8644351363182068,
        0.8731496334075928,
        0.8831049203872681,
        0.8948492407798767,
        0.900389552116394,
        0.910633385181427,
        0.9154811501502991,
        0.9215409159660339,
        0.9267638325691223,
        0.9295628070831299
    ],
    "Validation Loss": [
        0.6420760750770569,
        0.5682851076126099,
        0.5295612215995789,
        0.49369996786117554,
        0.46548697352409363,
        0.43697020411491394,
        0.4119812846183777,
        0.38459113240242004,
        0.3565705716609955,
        0.3321366608142853,
        0.3076612949371338,
        0.2854700982570648,
        0.2640279233455658,
        0.24279899895191193,
        0.2270669937133789,
        0.20877180993556976,
        0.1950843334197998,
        0.18389417231082916,
        0.17096294462680817,
        0.16169099509716034
    ]
}