{
    "F1 Score": 0.7395723189539601,
    "Accuracy": 0.739612188365651,
    "AUC": 0.8209805525901177,
    "PR AUC": 0.8108144305336197,
    "Confusion Matrix": [
        [
            4072,
            1267
        ],
        [
            1553,
            3938
        ]
    ],
    "Mean FPR": 0.29877304163908314,
    "Mean TPR": 0.6730676958956181,
    "Validation Accuracy": [
        0.5198960900306702,
        0.6385225653648376,
        0.6911845207214355,
        0.7123647332191467,
        0.7281777262687683,
        0.7429519295692444,
        0.7518684267997742,
        0.7625162601470947,
        0.7696147561073303,
        0.7784734964370728
    ],
    "Validation Loss": [
        0.6901933550834656,
        0.6321935057640076,
        0.5788012742996216,
        0.553294837474823,
        0.5314512252807617,
        0.5126804709434509,
        0.4983906149864197,
        0.48362988233566284,
        0.47093918919563293,
        0.45902639627456665
    ]
}