{
    "F1 Score": 0.6342349857232076,
    "Accuracy": 0.63730378578024,
    "AUC": 0.6864048916702019,
    "PR AUC": 0.6711932078996841,
    "Confusion Matrix": [
        [
            2955,
            2384
        ],
        [
            1544,
            3947
        ]
    ],
    "Mean FPR": 0.40053868558060923,
    "Mean TPR": 0.5971204563172162,
    "Validation Accuracy": [
        0.5022074580192566,
        0.5058433413505554,
        0.5002164244651794,
        0.5039677023887634,
        0.5166642665863037,
        0.5578992962837219,
        0.6078488230705261,
        0.627990186214447,
        0.6411484479904175,
        0.6577982902526855,
        0.6698889136314392,
        0.6872313022613525,
        0.6927139163017273,
        0.7056990265846252,
        0.7136632800102234,
        0.7265329957008362,
        0.7341220378875732,
        0.7428365349769592,
        0.7494445443153381,
        0.7572933435440063
    ],
    "Validation Loss": [
        0.6988504528999329,
        0.6970813274383545,
        0.697320818901062,
        0.6962544918060303,
        0.6938890814781189,
        0.6824291944503784,
        0.6614494323730469,
        0.649628758430481,
        0.6394137740135193,
        0.6244809031486511,
        0.6123895049095154,
        0.5961005687713623,
        0.5857726335525513,
        0.5747978091239929,
        0.5609911680221558,
        0.5493155717849731,
        0.5377179980278015,
        0.5245070457458496,
        0.5136353373527527,
        0.5015936493873596
    ]
}