{
    "epoch": 8,
    "macro_f1": 0.7333333333333334,
    "micro_f1": 0.75,
    "flat_accuracy": 0.7474899598393572,
    "accuracy": 0.75,
    "precision": 0.6666666666666666,
    "recall": 1.0,
    "Avg Train Loss": 0.362051002246757,
    "confusion_matrix": [
        [
            1,
            0
        ],
        [
            1,
            2
        ]
    ]
}