{
    "epoch": 2,
    "macro_f1": 1.0,
    "micro_f1": 1.0,
    "flat_accuracy": 0.7590361445783131,
    "accuracy": 1.0,
    "precision": 1.0,
    "recall": 1.0,
    "Avg Train Loss": 0.4598531556619243,
    "confusion_matrix": [
        [
            2,
            0
        ],
        [
            0,
            2
        ]
    ]
}