{
    "F1 Score": 0.7031824982191452,
    "Accuracy": 0.7039704524469067,
    "AUC": 0.7749218365430275,
    "PR AUC": 0.7599359695276046,
    "Confusion Matrix": [
        [
            3533,
            1806
        ],
        [
            1400,
            4091
        ]
    ],
    "Mean FPR": 0.3383846861740766,
    "Mean TPR": 0.6451829343689539,
    "Validation Accuracy": [
        0.5275140404701233,
        0.5568315982818604,
        0.5877362489700317,
        0.6244697570800781,
        0.6549127101898193,
        0.6705237627029419,
        0.6826720237731934,
        0.6934930086135864,
        0.6993218660354614,
        0.7076035141944885,
        0.71747225522995,
        0.7243976593017578,
        0.7353628873825073,
        0.7422016859054565,
        0.7520992755889893
    ],
    "Validation Loss": [
        0.6928164958953857,
        0.6813569068908691,
        0.6665163040161133,
        0.6431626081466675,
        0.6175037026405334,
        0.6011395454406738,
        0.5890610218048096,
        0.5778834223747253,
        0.5685219168663025,
        0.5602349638938904,
        0.549500048160553,
        0.5383366942405701,
        0.5266028642654419,
        0.5165411233901978,
        0.5029184818267822
    ]
}