{
    "F1 Score": 0.612291133341045,
    "Accuracy": 0.6214219759926131,
    "AUC": 0.6849883660875846,
    "PR AUC": 0.6696588050943757,
    "Confusion Matrix": [
        [
            4196,
            1143
        ],
        [
            2957,
            2534
        ]
    ],
    "Mean FPR": 0.4029643845669799,
    "Mean TPR": 0.5971277292403359,
    "Validation Accuracy": [
        0.49810993671417236,
        0.5040542483329773,
        0.4998989999294281,
        0.505901038646698,
        0.5135478377342224,
        0.5302842259407043,
        0.5679988265037537,
        0.5975472331047058,
        0.6201125383377075,
        0.630529522895813,
        0.6409753561019897,
        0.6535276174545288,
        0.6641466021537781,
        0.6778242588043213,
        0.6874909996986389
    ],
    "Validation Loss": [
        0.6983140707015991,
        0.696639358997345,
        0.6962178349494934,
        0.6956647634506226,
        0.6942522525787354,
        0.6905942559242249,
        0.6801683902740479,
        0.6666402220726013,
        0.6538310050964355,
        0.6460427045822144,
        0.6364826560020447,
        0.6265438795089722,
        0.6138885617256165,
        0.6024410724639893,
        0.5932998657226562
    ]
}