{
    "epoch": 13,
    "macro_f1": 1.0,
    "micro_f1": 1.0,
    "flat_accuracy": 0.7640562248995983,
    "accuracy": 1.0,
    "precision": 1.0,
    "recall": 1.0,
    "Avg Train Loss": 0.06939862297314832,
    "confusion_matrix": [
        [
            2
        ]
    ]
}