{
    "F1 Score": 0.683444784018095,
    "Accuracy": 0.6840258541089566,
    "AUC": 0.7518891186309775,
    "PR AUC": 0.7469428467258592,
    "Confusion Matrix": [
        [
            3472,
            1867
        ],
        [
            1555,
            3936
        ]
    ],
    "Mean FPR": 0.3561645861831371,
    "Mean TPR": 0.635045359751796,
    "Validation Accuracy": [
        0.5294185280799866,
        0.563410758972168,
        0.5897850394248962,
        0.6148030757904053,
        0.6307026147842407,
        0.6476987600326538,
        0.6636849045753479,
        0.6783148050308228,
        0.6879526972770691,
        0.6967248320579529
    ],
    "Validation Loss": [
        0.6911705136299133,
        0.6787422299385071,
        0.6653621196746826,
        0.6513040065765381,
        0.6397605538368225,
        0.6240045428276062,
        0.6078489422798157,
        0.5924533009529114,
        0.5815175771713257,
        0.573147714138031
    ]
}