{
    "F1 Score": 0.6340990634911231,
    "Accuracy": 0.6346260387811634,
    "AUC": 0.6824800643488576,
    "PR AUC": 0.6616147618758064,
    "Confusion Matrix": [
        [
            3642,
            1697
        ],
        [
            2260,
            3231
        ]
    ],
    "Mean FPR": 0.397245451949422,
    "Mean TPR": 0.5876668049018487,
    "Validation Accuracy": [
        0.5018900632858276,
        0.5049487948417664,
        0.5011686682701111,
        0.5157985687255859,
        0.5725291967391968,
        0.6166498064994812,
        0.6349444389343262,
        0.6503823399543762,
        0.670090913772583,
        0.6844322681427002,
        0.7024382948875427,
        0.7141249179840088,
        0.729158878326416,
        0.7387967109680176,
        0.749531090259552,
        0.7601500749588013,
        0.7720097899436951,
        0.783234715461731,
        0.7924686074256897,
        0.8058866262435913
    ],
    "Validation Loss": [
        0.6996707320213318,
        0.6966598629951477,
        0.6974369287490845,
        0.6938555240631104,
        0.6779038906097412,
        0.6575156450271606,
        0.6441794633865356,
        0.6284250020980835,
        0.6116074323654175,
        0.5957210063934326,
        0.5760014653205872,
        0.5606154203414917,
        0.5442695617675781,
        0.5296007990837097,
        0.5161746144294739,
        0.4982290267944336,
        0.4829806089401245,
        0.4628741443157196,
        0.44612154364585876,
        0.42620593309402466
    ]
}