{
    "F1 Score": 0.6147483829650977,
    "Accuracy": 0.6153277931671284,
    "AUC": 0.658224636960636,
    "PR AUC": 0.6400344869531417,
    "Confusion Matrix": [
        [
            3122,
            2217
        ],
        [
            1949,
            3542
        ]
    ],
    "Mean FPR": 0.41468983918025837,
    "Mean TPR": 0.5783204712274415,
    "Validation Accuracy": [
        0.5426345467567444,
        0.6130139827728271,
        0.6621555089950562,
        0.7188284397125244,
        0.7857452034950256,
        0.8468618988990784,
        0.8950223922729492,
        0.926734983921051,
        0.9442504644393921,
        0.9574664831161499
    ],
    "Validation Loss": [
        0.6859458684921265,
        0.6477131843566895,
        0.609052836894989,
        0.5552939772605896,
        0.4684242308139801,
        0.3702608048915863,
        0.28057724237442017,
        0.21602153778076172,
        0.17412662506103516,
        0.1426773965358734
    ]
}