{
    "F1 Score": 0.7573342319703864,
    "Accuracy": 0.7573407202216067,
    "AUC": 0.8357532830800892,
    "PR AUC": 0.8195925717868844,
    "Confusion Matrix": [
        [
            4129,
            1210
        ],
        [
            1418,
            4073
        ]
    ],
    "Mean FPR": 0.2693440034271438,
    "Mean TPR": 0.641167703424537,
    "Validation Accuracy": [
        0.6043283939361572,
        0.7363728284835815,
        0.760323166847229,
        0.7795988917350769,
        0.7974318265914917,
        0.8107343912124634,
        0.825883686542511,
        0.8409175872802734,
        0.8514788746833801,
        0.8646659851074219,
        0.8753426671028137,
        0.8867407441139221,
        0.8965517282485962,
        0.905121922492981,
        0.9112393856048584,
        0.9193767309188843,
        0.9252921938896179,
        0.927716076374054,
        0.9355648756027222,
        0.9410474896430969
    ],
    "Validation Loss": [
        0.6397480964660645,
        0.5196834206581116,
        0.47931969165802,
        0.45269259810447693,
        0.4245363771915436,
        0.3984438478946686,
        0.37102314829826355,
        0.34830233454704285,
        0.3244156241416931,
        0.3030964136123657,
        0.2775922417640686,
        0.25688618421554565,
        0.23325897753238678,
        0.21774090826511383,
        0.20673806965351105,
        0.18665790557861328,
        0.1728200912475586,
        0.16883017122745514,
        0.15100356936454773,
        0.1375472992658615
    ]
}