{
    "F1 Score": 0.6947651551424772,
    "Accuracy": 0.6951061865189289,
    "AUC": 0.7655958946460399,
    "PR AUC": 0.7551504835634592,
    "Confusion Matrix": [
        [
            3583,
            1756
        ],
        [
            1546,
            3945
        ]
    ],
    "Mean FPR": 0.343055976108582,
    "Mean TPR": 0.6392513399078792,
    "Validation Accuracy": [
        0.5365747809410095,
        0.5980955362319946,
        0.6446111798286438,
        0.6715914011001587,
        0.686711847782135,
        0.701053261756897,
        0.7149617671966553,
        0.7268792390823364,
        0.7333429455757141,
        0.7446833252906799,
        0.7537729144096375,
        0.7643341422080994,
        0.774318277835846,
        0.7818208336830139,
        0.791631817817688
    ],
    "Validation Loss": [
        0.6887419819831848,
        0.664980411529541,
        0.6230760216712952,
        0.5994855165481567,
        0.5845193862915039,
        0.570009171962738,
        0.554231584072113,
        0.5413119792938232,
        0.5289178490638733,
        0.5140249729156494,
        0.5025425553321838,
        0.4885028600692749,
        0.4749801754951477,
        0.4633539319038391,
        0.4477841258049011
    ]
}